"","V1","V2","V3","V4","V5","V6","V7","V8","V9","V10","V11","V12","V13","V14","V15","V16","V17","V18","V19","V20","V21","V22","V23","V24","V25","V26","V27","V28","V29","V30","V31","V32","V33","V34","V35","V36","V37","V38","V39","V40","V41","V42","V43","V44","V45","V46","V47","V48","V49","V50","V51","V52","V53","V54","V55","V56","V57","V58","V59","V60","V61","V62","V63","V64","V65","V66","V67","V68","V69","V70","V71","V72","V73","V74","V75","V76","V77","V78","V79","V80","V81","V82","V83","V84","V85","V86","V87","V88","V89","V90"
"78","57","54","54","54","54","47","47","47","47","47","47","47","47","47","47","47","47","47","47","68","68","68","68","68","5","5","5","31","31","31","31","31","31","31","31","31","3","3","3","3","3","3","3","3","20","20","20","20","20","20","20","28","28","28","28","28","28","28","28","28","28","24","24","24","24","24","24","24","24","24","24","24","24","24","24","24","24","25","25","25","25","25","25","25","25","25","25","25","13","12"
"79","57","54","54","54","54","47","47","47","47","47","47","47","47","47","47","47","47","47","47","68","68","68","68","68","5","5","5","31","31","31","31","31","31","31","31","31","3","3","3","3","3","3","3","3","20","20","20","20","20","20","20","28","28","28","28","28","28","28","28","28","28","24","24","24","24","24","24","24","24","24","24","24","24","24","24","24","24","25","25","25","25","25","25","25","25","25","25","25","13","12"
"83","1","1","1","1","1","1","1","1","1","1","1","1","1","1","1","1","1","1","1","1","1","1","1","1","1","1","1","1","1","1","1","1","1","1","1","1","1","1","1","1","1","1","1","1","1","1","1","1","1","1","1","1","1","1","1","1","1","1","1","1","1","1","1","1","1","1","1","1","1","1","1","1","1","1","1","1","1","1","1","1","1","1","1","1","1","1","1","1","1","1"
"90","14","14","14","14","14","14","14","14","14","14","14","14","14","14","14","14","14","14","14","14","14","14","14","14","14","14","14","14","14","14","14","14","14","14","14","14","14","14","14","14","14","14","14","14","14","14","14","14","14","14","14","14","14","14","14","14","14","14","14","14","14","14","14","14","14","14","14","14","14","14","14","14","14","14","14","14","14","14","14","14","14","14","14","14","14","14","14","14","14","14"
"91","14","14","14","14","14","14","14","14","14","14","14","14","14","14","14","14","14","14","14","14","14","14","14","14","14","14","14","14","14","14","14","14","14","14","14","14","14","14","14","14","14","14","14","14","14","14","14","14","14","14","14","14","14","14","14","14","14","14","14","14","14","14","14","14","14","14","14","14","14","14","14","14","14","14","14","14","14","14","14","14","14","14","14","14","14","14","14","14","14","14"
"93","20","20","20","20","20","20","20","22","18","18","18","18","18","18","18","18","18","18","18","18","18","1","1","1","1","1","1","1","1","1","1","1","1","1","1","1","1","1","1","1","1","1","1","1","1","1","1","1","1","1","1","1","1","1","1","1","1","1","1","1","1","1","1","1","1","1","19","19","19","19","19","19","19","19","19","19","19","19","19","19","19","19","19","19","19","19","19","19","19","19"
"94","20","20","20","20","20","20","20","22","18","18","18","18","18","18","18","18","18","18","18","18","18","1","1","1","1","1","1","1","1","1","1","1","1","1","1","1","1","1","1","1","1","1","1","1","1","1","1","1","1","1","1","1","1","1","1","1","1","1","1","1","1","1","1","1","1","1","19","19","19","19","19","19","19","19","19","19","19","19","19","19","19","19","19","19","19","19","19","19","19","19"
"98","14","14","14","14","14","14","14","14","14","14","14","14","14","14","14","14","14","14","14","14","14","14","14","14","14","14","14","14","14","14","14","14","14","14","14","14","14","14","14","14","14","14","14","14","14","14","14","14","14","14","14","14","14","14","14","14","14","14","14","14","14","14","14","14","14","14","14","14","14","14","14","14","14","14","14","14","14","14","14","14","14","14","14","14","14","14","14","14","14","14"
"107","21","21","21","21","21","21","21","21","21","21","21","21","21","21","21","21","21","21","21","21","21","21","21","21","21","21","21","21","21","21","21","21","21","21","21","21","21","21","21","21","21","21","21","21","21","21","21","21","21","21","21","21","21","21","21","21","21","21","21","21","21","21","21","21","21","21","21","21","21","21","21","21","21","21","21","21","21","21","21","21","21","21","21","21","21","21","21","21","21","21"
"114","19","19","19","19","19","19","19","19","19","19","19","19","19","19","19","19","19","19","19","19","19","19","19","19","19","19","19","19","19","19","19","19","19","19","19","19","19","19","19","19","19","19","19","19","19","19","19","19","19","19","19","19","19","19","19","19","19","19","19","19","19","19","19","19","19","19","19","19","19","19","19","19","19","19","19","19","19","19","19","19","19","19","19","19","19","19","19","19","19","19"
"137","28","22","22","22","22","22","22","22","22","22","22","22","22","22","22","22","22","22","22","22","22","22","1","1","1","1","1","1","1","1","1","1","1","1","1","1","1","1","1","1","1","1","1","1","1","1","1","1","1","1","1","1","1","1","1","1","1","1","1","1","1","1","1","1","1","1","1","1","1","1","1","1","1","1","1","1","1","1","1","1","1","1","1","1","1","1","1","1","1","1"
"138","28","22","22","22","22","22","22","22","22","22","22","22","22","22","22","22","22","22","22","22","22","22","1","1","1","1","1","1","1","1","1","1","1","1","1","1","1","1","1","1","1","1","1","1","1","1","1","1","1","1","1","1","1","1","1","1","1","1","1","1","1","1","1","1","1","1","1","1","1","1","1","1","1","1","1","1","1","1","1","1","1","1","1","1","1","1","1","1","1","1"
"167","24","24","22","22","19","19","19","19","19","19","19","19","19","19","19","19","19","19","19","19","19","19","19","19","19","19","19","19","19","19","19","19","19","19","19","19","19","19","19","19","19","19","19","19","19","19","19","19","19","19","19","19","19","19","19","19","19","22","22","22","22","22","22","22","22","22","22","22","22","22","22","22","22","22","22","22","22","18","18","18","18","18","18","18","18","18","18","18","18","18"
"168","24","24","22","22","19","19","19","19","19","19","19","19","19","19","19","19","19","19","19","19","19","19","19","19","19","19","19","19","19","19","19","19","19","19","19","19","19","19","19","19","19","19","19","19","19","19","19","19","19","19","19","19","19","19","19","19","19","22","22","22","22","22","22","22","22","22","22","22","22","22","22","22","22","22","22","22","22","18","18","18","18","18","18","18","18","18","18","18","18","18"
"178","25","25","25","25","25","25","25","25","25","25","25","25","25","25","25","25","25","25","25","25","25","25","25","25","25","25","25","25","25","25","25","25","25","25","25","25","25","25","25","25","25","25","25","25","25","25","25","25","25","25","25","25","25","25","25","25","25","25","25","25","25","25","25","25","25","25","25","25","25","25","25","25","25","25","25","25","25","25","25","25","25","25","25","25","25","25","25","25","25","25"
"215","66","66","66","66","66","66","66","66","66","66","66","66","66","66","66","66","66","66","66","66","66","66","66","66","66","66","66","66","66","66","66","66","66","66","66","66","66","66","66","66","66","66","66","66","66","66","66","66","66","66","66","66","66","66","66","66","66","66","66","66","66","66","66","66","66","66","66","66","66","66","66","66","66","66","66","66","66","66","66","66","66","66","66","66","66","66","66","66","66","66"
"225","18","18","18","18","18","18","18","18","18","18","18","18","18","18","18","18","18","18","18","18","18","18","18","18","18","18","18","18","18","18","18","18","18","18","18","18","18","18","18","18","18","18","18","18","18","18","18","18","18","18","18","18","18","18","18","18","18","18","18","18","18","18","18","18","18","18","18","18","18","18","18","18","18","18","18","18","18","18","18","18","18","18","18","18","18","18","22","22","22","22"
"226","18","18","18","18","18","18","18","18","18","18","18","18","18","18","18","18","18","18","18","18","18","18","18","18","18","18","18","18","18","18","18","18","18","18","18","18","18","18","18","18","18","18","18","18","18","18","18","18","18","18","18","18","18","18","18","18","18","18","18","18","18","18","18","18","18","18","18","18","18","18","18","18","18","18","18","18","18","18","18","18","18","18","18","18","18","18","22","22","22","22"
"247","1","1","1","1","1","1","1","1","1","1","1","1","1","1","1","1","1","1","1","1","1","1","1","1","1","1","1","1","1","1","1","1","1","1","1","1","1","1","1","1","1","1","1","1","1","1","1","1","1","1","1","1","1","1","1","1","1","1","1","1","1","1","1","1","1","1","1","1","1","1","1","1","1","1","1","1","1","1","1","1","1","1","1","1","1","1","1","1","1","1"
"249","61","11","11","11","11","11","11","9","9","9","10","10","10","10","10","10","10","10","10","10","10","10","10","65","65","65","65","7","7","7","30","30","30","30","30","30","30","30","29","29","29","29","29","29","29","29","29","29","29","29","29","29","29","29","29","6","6","6","6","6","6","6","6","6","6","6","6","6","6","6","6","6","6","6","6","6","6","6","26","26","25","25","25","25","25","25","25","25","25","25"
"250","61","11","11","11","11","11","11","9","9","9","10","10","10","10","10","10","10","10","10","10","10","10","10","65","65","65","65","7","7","7","30","30","30","30","30","30","30","30","29","29","29","29","29","29","29","29","29","29","29","29","29","29","29","29","29","6","6","6","6","6","6","6","6","6","6","6","6","6","6","6","6","6","6","6","6","6","6","6","26","26","25","25","25","25","25","25","25","25","25","25"
"269","67","67","67","67","67","67","67","67","67","67","67","67","67","67","67","67","67","67","67","67","67","67","67","67","67","67","67","67","67","67","67","42","70","70","70","70","70","70","70","70","70","70","70","70","70","70","70","70","70","70","42","42","42","42","42","42","42","42","42","42","42","42","42","42","42","42","42","42","42","42","42","42","42","42","42","42","42","42","42","42","42","42","42","42","42","42","42","42","42","42"
"270","67","67","67","67","67","67","67","67","67","67","67","67","67","67","67","67","67","67","67","67","67","67","67","67","67","67","67","67","67","67","67","42","70","70","70","70","70","70","70","70","70","70","70","70","70","70","70","70","70","70","42","42","42","42","42","42","42","42","42","42","42","42","42","42","42","42","42","42","42","42","42","42","42","42","42","42","42","42","42","42","42","42","42","42","42","42","42","42","42","42"
"304","14","14","14","14","14","14","14","14","14","14","14","14","14","14","14","14","14","14","14","14","14","14","14","14","14","14","14","14","14","14","14","14","14","14","14","14","14","14","14","14","14","14","61","61","61","61","61","61","61","61","61","61","61","14","14","14","14","14","14","14","14","14","14","14","14","14","14","14","14","14","14","14","14","14","14","14","14","14","14","14","14","14","14","14","14","14","14","14","14","14"
"305","14","14","14","14","14","14","14","14","14","14","14","14","14","14","14","14","14","14","14","14","14","14","14","14","14","14","14","14","14","14","14","14","14","14","14","14","14","14","14","14","14","14","61","61","61","61","61","61","61","61","61","61","61","14","14","14","14","14","14","14","14","14","14","14","14","14","14","14","14","14","14","14","14","14","14","14","14","14","14","14","14","14","14","14","14","14","14","14","14","14"
"327","28","28","28","28","28","28","28","28","28","28","24","24","24","24","24","24","24","24","24","24","22","22","22","22","22","22","22","22","22","22","22","22","22","22","22","22","22","22","22","22","22","22","22","22","22","19","19","19","19","19","19","19","19","19","19","19","19","19","19","19","19","19","19","19","19","19","21","21","21","21","21","21","19","19","19","19","19","19","19","19","19","19","19","19","19","19","19","19","19","19"
"328","28","28","28","28","28","28","28","28","28","28","24","24","24","24","24","24","24","24","24","24","22","22","22","22","22","22","22","22","22","22","22","22","22","22","22","22","22","22","22","22","22","22","22","22","22","19","19","19","19","19","19","19","19","19","19","19","19","19","19","19","19","19","19","19","19","19","21","21","21","21","21","21","19","19","19","19","19","19","19","19","19","19","19","19","19","19","19","19","19","19"
"330","45","66","66","66","66","66","66","6","6","6","6","6","6","6","6","6","24","24","24","24","24","24","24","24","24","24","24","24","24","24","22","22","22","22","22","22","22","22","22","22","19","19","19","19","19","19","19","19","19","19","19","19","19","19","19","19","19","19","19","19","19","19","19","19","19","19","19","19","19","19","19","19","22","22","22","22","22","22","22","22","22","22","22","22","1","22","1","1","1",NA
"331","45","66","66","66","66","66","66","6","6","6","6","6","6","6","6","6","24","24","24","24","24","24","24","24","24","24","24","24","24","24","22","22","22","22","22","22","22","22","22","22","19","19","19","19","19","19","19","19","19","19","19","19","19","19","19","19","19","19","19","19","19","19","19","19","19","19","19","19","19","19","19","19","22","22","22","22","22","22","22","22","22","22","22","22","1","22","1","1","1",NA
"336","58","58","58","58","58","58","58","58","58","58","58","58","58","58","58","58","58","58","58","58","58","58","58","58","58","58","58","58","58","58","58","58","58","58","58","58","58","58","58","58","58","58","58","58","58","58","58","58","58","58","58","58","58","58","58","58","58","58","58","58","58","58","58","58","58","58","58","58","58","58","58","58","58","58","58","58","58","58","31","31","31","31","31","31","31","31","31","31","31","31"
"337","58","58","58","58","58","58","58","58","58","58","58","58","58","58","58","58","58","58","58","58","58","58","58","58","58","58","58","58","58","58","58","58","58","58","58","58","58","58","58","58","58","58","58","58","58","58","58","58","58","58","58","58","58","58","58","58","58","58","58","58","58","58","58","58","58","58","58","58","58","58","58","58","58","58","58","58","58","58","31","31","31","31","31","31","31","31","31","31","31","31"
"341","47","47","47","47","47","47","47","47","47","47","47","47","47","47","47","47","47","47","47","47","47","47","47","47","47","47","47","47","47","47","47","47","47","47","47","47","47","47","47","68","68","68","68","68","68","68","68","68","68","68","68","68","68","68","68","68","68","68","68","68","68","68","68","8","8","8","8","8","8","8","8","8","8","8","8","8","8","8","8","8","8","8","8","8","8","8","8","8","8","8"
"342","47","47","47","47","47","47","47","47","47","47","47","47","47","47","47","47","47","47","47","47","47","47","47","47","47","47","47","47","47","47","47","47","47","47","47","47","47","47","47","68","68","68","68","68","68","68","68","68","68","68","68","68","68","68","68","68","68","68","68","68","68","68","68","8","8","8","8","8","8","8","8","8","8","8","8","8","8","8","8","8","8","8","8","8","8","8","8","8","8","8"
"345","66","66","66","66","66","66","66","66","66","66","66","66","66","66","66","66","66","66","66","66","66","66","66","66","66","66","66","66","66","66","66","66","66","66","66","66","66","66","66","66","66","66","66","66","66","66","66","66","66","66","66","66","66","66","66","66","66","66","66","66","66","66","66","66","66","66","66","66","66","66","66","66","66","66","66","66","66","66","66","66","66","66","66","66","66","66","66","66","66","66"
"347","2","2","2","2","2","2","2","2","2","2","2","2","2","2","2","2","2","2","2","2","2","2","2","2","2","2","2","2","2","2","2","2","2","2","2","2","2","2","2","2","2","2","2","2","2","2","2","2","2","2","2","2","2","2","2","2","2","2","2","2","2","2","2","2","2","2","2","2","2","2","2","2","2","2","2","2","2","2","2","2","2","2","2","2","2","2","2","2","2","2"
"348","2","2","2","2","2","2","2","2","2","2","2","2","2","2","2","2","2","2","2","2","2","2","2","2","2","2","2","2","2","2","2","2","2","2","2","2","2","2","2","2","2","2","2","2","2","2","2","2","2","2","2","2","2","2","2","2","2","2","2","2","2","2","2","2","2","2","2","2","2","2","2","2","2","2","2","2","2","2","2","2","2","2","2","2","2","2","2","2","2","2"
"351","36","36","36","36","36","36","36","36","36","36","36","36","36","36","36","36","36","36","36","36","36","36","36","36","36","32","32","32","32","32","32","32","32","32","32","32","32","32","32","32","32","32","32","32","32","32","32","32","32","32","32","32","32","32","32","32","32","32","32","32","32","32","32","32","32","32","32","32","32","32","32","32","32","32","32","32","32","32","32","32","32","32","32","32","32","32","32","32","32","32"
"352","36","36","36","36","36","36","36","36","36","36","36","36","36","36","36","36","36","36","36","36","36","36","36","36","36","32","32","32","32","32","32","32","32","32","32","32","32","32","32","32","32","32","32","32","32","32","32","32","32","32","32","32","32","32","32","32","32","32","32","32","32","32","32","32","32","32","32","32","32","32","32","32","32","32","32","32","32","32","32","32","32","32","32","32","32","32","32","32","32","32"
"366","6","6","6","6","6","6","6","6","6","6","6","6","6","6","6","6","6","6","6","6","6","6","6","6","6","6","6","6","6","6","6","6","6","6","6","6","6","6","6","6","6","6","6","6","6","6","6","6","6","6","6","6","6","6","6","6","6","6","6","6","6","6","6","6","6","6","6","6","6","6","6","6","6","6","6","6","6","6","6","6","6","6","6","6","6","6","6","6","6","6"
"372","36","36","32","32","32","32","32","32","32","32","32","32","32","32","32","32","32","32","32","32","32","32","17","17","17","17","17","17","17","17","17","17","17","17","17","17","17","17","17","17","17","17","17","17","17","17","17","17","17","17","17","17","17","17","17","17","17","17","17","20","20","20","20","20","20","20","20","20","20","20","20","20","20","20","20","20","20","20","20","20","20","20","20","22","22","22","22","22","22","22"
"373","36","36","32","32","32","32","32","32","32","32","32","32","32","32","32","32","32","32","32","32","32","32","17","17","17","17","17","17","17","17","17","17","17","17","17","17","17","17","17","17","17","17","17","17","17","17","17","17","17","17","17","17","17","17","17","17","17","17","17","20","20","20","20","20","20","20","20","20","20","20","20","20","20","20","20","20","20","20","20","20","20","20","20","22","22","22","22","22","22","22"
"389","32","32","32","17","17","17","17","17","17","17","17","17","17","17","17","17","17","17","17","17","17","17","32","32","32","32","32","32","32","32","32","32","32","32","32","32","32","32","32","32","32","32","32","32","32","32","32","32","32","32","32","32","32","32","32","32","32","32","32","32","32","2","2","2","2","2","2","2","2","2","2","2","2","2","2","2","2","2","34","34","34","34","34","34","34","34","35","35","35","35"
"390","32","32","32","17","17","17","17","17","17","17","17","17","17","17","17","17","17","17","17","17","17","17","32","32","32","32","32","32","32","32","32","32","32","32","32","32","32","32","32","32","32","32","32","32","32","32","32","32","32","32","32","32","32","32","32","32","32","32","32","32","32","2","2","2","2","2","2","2","2","2","2","2","2","2","2","2","2","2","34","34","34","34","34","34","34","34","35","35","35","35"
"393","2","2","2","2","2","2","2","2","2","2","2","2","2","2","2","2","2","2","2","2","2","2","2","2","2","2","2","2","2","2","2","2","2","2","2","2","2","2","2","2","2","2","2","2","2","2","2","2","2","2","2","2","2","2","2","2","2","2","2","2","2","2","2","2","2","2","2","2","2","2","2","2","2","2","2","2","2","2","2","2","2","2","2","2","2","2","2","2","2","2"
"397","6","6","6","6","6","6","6","6","6","6","6","6","6","6","6","6","6","6","6","6","6","6","6","6","6","6","6","6","6","6","6","6","6","6","6","6","6","6","6","6","6","6","6","6","6","6","6","6","6","6","6","6","6","6","6","6","6","6","6","6","6","6","6","6","6","6","6","6","6","6","6","6","6","6","6","6","6","6","6","6","6","6","6","6","6","6","6","6","6","6"
"398","6","6","6","6","6","6","6","6","6","6","6","6","6","6","6","6","6","6","6","6","6","6","6","6","6","6","6","6","6","6","6","6","6","6","6","6","6","6","6","6","6","6","6","6","6","6","6","6","6","6","6","6","6","6","6","6","6","6","6","6","6","6","6","6","6","6","6","6","6","6","6","6","6","6","6","6","6","6","6","6","6","6","6","6","6","6","6","6","6","6"
"400","37","37","37","37","37","37","37","37","37","37","37","37","37","37","37","37","37","37","37","37","37","37","37","37","12","12","12","12","12","12","12","12","12","12","12","12","12","12","12","12","12","12","12","12","12","12","12","12","12","12","12","12","12","12","12","12","12","12","12","12","12","12","12","12","12","12","12","12","12","12","12","12","12","12","12","12","12","12","12","12","12","12","12","12","12","12","12",NA,NA,NA
"401","37","37","37","37","37","37","37","37","37","37","37","37","37","37","37","37","37","37","37","37","37","37","37","37","12","12","12","12","12","12","12","12","12","12","12","12","12","12","12","12","12","12","12","12","12","12","12","12","12","12","12","12","12","12","12","12","12","12","12","12","12","12","12","12","12","12","12","12","12","12","12","12","12","12","12","12","12","12","12","12","12","12","12","12","12","12","12",NA,NA,NA
"451","25","25","25","25","25","25","25","25","25","25","25","25","25","25","25","25","25","25","25","25","25","25","25","25","25","25","25","25","25","25","25","25","25","25","25","25","25","25","25","25","25","25","25","25","25","25","25","25","25","25","25","25","25","25","25","25","25","25","25","25","25","25","25","25","25","25","25","25","25","25","25","25","25","25","25","25","25","25","25","25","25","25","25","25","25","25","25","25","25","25"
"469","19","19","19","19","19","19","19","19","19","19","19","19","19","19","19","19","19","19","19","19","19","19","19","19","19","19","19","19","19","19","19","19","19","19","19","19","19","19","19","19","19","19","19","19","19","19","19","19","19","19","19","19","19","19","19","19","19","19","19","19","19","19","19","19","19","19","19","19","19","19","19","19","19","19","19","19","19","19","19","19","19","19","19","19","19","19","19","19","19","19"
"474","67","67","42","42","42","42","59","58","58","58","58","58","58","58","58","58","58","58","58","36","32","32","32","32","32","32","32","32","32","17","17","17","17","17","17","17","17","17","17","17","17","17","17","17","17","20","17","18","17","17","17","17","17","17","17","17","17","17","17","17","17","17","20","20","20","20","20","20","20","20","20","20","20","20","20","20","20","22","22","22","22","22","22","22","22","22","22","22","22","22"
"475","67","67","42","42","42","42","59","58","58","58","58","58","58","58","58","58","58","58","58","36","32","32","32","32","32","32","32","32","32","17","17","17","17","17","17","17","17","17","17","17","17","17","17","17","17","20","17","18","17","17","17","17","17","17","17","17","17","17","17","17","17","17","20","20","20","20","20","20","20","20","20","20","20","20","20","20","20","22","22","22","22","22","22","22","22","22","22","22","22","22"
"480","58","58","58","58","58","58","58","58","58","58","58","58","58","58","58","58","58","58","58","58","58","58","58","58","58","58","58","58","58","58","58","58","58","58","58","58","58","58","58","58","58","58","58","58","58","58","58","58","58","58","58","58","58","58","58","58","58","58","58","58","58","58","58","58","31","31","31","31","31","31","31","31","31","31","31","31","31","31","31","31","31","31","31","31","31","31","31","31","31","31"
"481","58","58","58","58","58","58","58","58","58","58","58","58","58","58","58","58","58","58","58","58","58","58","58","58","58","58","58","58","58","58","58","58","58","58","58","58","58","58","58","58","58","58","58","58","58","58","58","58","58","58","58","58","58","58","58","58","58","58","58","58","58","58","58","58","31","31","31","31","31","31","31","31","31","31","31","31","31","31","31","31","31","31","31","31","31","31","31","31","31","31"
"486","30","30","30","29","29","29","29","29","29","29","29","28","28","28","28","28","28","20","20","20","20","22","22","22","22","22","22","22","22","22","22","18",NA,"1","1","1","1","1","1","1","1","1","1","1","1","1","1","1","1","1","1","1","1","1","1","1","1","1","1","1","1","1","1","1","1","1","1","1","1","1","1","1","1","1","1","1","1","1","1","1","1","1","1","1","1","1","1","1","1","1"
"487","30","30","30","29","29","29","29","29","29","29","29","28","28","28","28","28","28","20","20","20","20","22","22","22","22","22","22","22","22","22","22","18",NA,"1","1","1","1","1","1","1","1","1","1","1","1","1","1","1","1","1","1","1","1","1","1","1","1","1","1","1","1","1","1","1","1","1","1","1","1","1","1","1","1","1","1","1","1","1","1","1","1","1","1","1","1","1","1","1","1","1"
"536","19","19","19","19","19","19","19","19","19","19","19","19","19","19","19","19","19","19","19","19","19","19","19","19","19","19","19","19","19","19","19","19","19","19","19","19","19","19","19","19","19","19","19","19","19","19","19","19","19","19","19","19","19","19","19","19","19","19","19","19","19","19","19","19","19","19","19","19","19","19","19","19","19","19","19","19","19","19","19","19","19","19","19","19","19","19","19","19","19","19"
"541","18","18","18","18","18","18","18","18","18","18","18","18","18","18","18","18","18","18","18","18","18","18","1","1","1","1","1","18","18","18","18","18","18","18","18","18","18","18","18","22","22","22","22","22","22","18","18","18","18","18","18","18","18","18","18","18","18","18","18","18","18","18","18","18","18","18","18","18","18","18","18","18","18","18","18","18","18","18","17","17","18","18","18","18","18","18","18","18","18","18"
"542","18","18","18","18","18","18","18","18","18","18","18","18","18","18","18","18","18","18","18","18","18","18","1","1","1","1","1","18","18","18","18","18","18","18","18","18","18","18","18","22","22","22","22","22","22","18","18","18","18","18","18","18","18","18","18","18","18","18","18","18","18","18","18","18","18","18","18","18","18","18","18","18","18","18","18","18","18","18","17","17","18","18","18","18","18","18","18","18","18","18"
"549","39","39","63","63","63","63","63","63","63","63","63","63","63","63","63","63","63","63","63","63","63","63","63","63","63","63","63","63","63","63","63","63","63","63","63","63","63","63","63","63","48","48","48","48","48","48","48","48","48","48","48","48","48","48","63","63","63","63","63","63","63","63","63","63","63","63","63","63","63","63","63","63","63","63","63","63","63","63","63","63","63","63","63","63","63","63","63","63","63","63"
"550","39","39","63","63","63","63","63","63","63","63","63","63","63","63","63","63","63","63","63","63","63","63","63","63","63","63","63","63","63","63","63","63","63","63","63","63","63","63","63","63","48","48","48","48","48","48","48","48","48","48","48","48","48","48","63","63","63","63","63","63","63","63","63","63","63","63","63","63","63","63","63","63","63","63","63","63","63","63","63","63","63","63","63","63","63","63","63","63","63","63"
"553","5","5","5","30","30","30","30","3","3","3","3","3","3","3","3","3","3","3","3","20","20","20","20","20","20","20","20","20","20","20","20","20","20","18","18","18","18","18","18","18","18","18","18","18","18","18","18","1","1","1","1","1","1","1","1","1","19","19","19","19","19","19","19","19","19","19","19","19","19","19","19","19","19","19","19","19","19","19","19","19","19","19","19","19","19","19","19","19","19","19"
"554","5","5","5","30","30","30","30","3","3","3","3","3","3","3","3","3","3","3","3","20","20","20","20","20","20","20","20","20","20","20","20","20","20","18","18","18","18","18","18","18","18","18","18","18","18","18","18","1","1","1","1","1","1","1","1","1","19","19","19","19","19","19","19","19","19","19","19","19","19","19","19","19","19","19","19","19","19","19","19","19","19","19","19","19","19","19","19","19","19","19"
"560","21","21","21","21","21","21","21","21","21","21","21","21","21","21","21","21","21","21","21","21","21","21","21","21","21","21","21","21","21","21","21","21","21","21","21","21","21","21","21","21","21","21","21","21","21","21","21","21","21","21","21","21","21","21","21","21","21","21","21","21","21","21","21","21","21","21","21","21","21","21","21","21","21","21","21","21","21","21","21","21","21","21","21","21","21","21","21","21","21","21"
"569","35","35","2","2","2","2","2","2","2","2","2","2","2","2","2","2","2","2","2","2","2","2","2","2","2","2","2","2","2","2","2","2","2","2","2","2","2","2","2","2","2","2","2","2","2","2","2","2","2","2","2","2","2","2","2","2","2","2","2","2","2","2","2","2","2","2","2","2","2","2","2","2","2","2","2","2","2","2","2","2","2","2","2","2","2","2","2","2","2","2"
"570","35","35","2","2","2","2","2","2","2","2","2","2","2","2","2","2","2","2","2","2","2","2","2","2","2","2","2","2","2","2","2","2","2","2","2","2","2","2","2","2","2","2","2","2","2","2","2","2","2","2","2","2","2","2","2","2","2","2","2","2","2","2","2","2","2","2","2","2","2","2","2","2","2","2","2","2","2","2","2","2","2","2","2","2","2","2","2","2","2","2"
"601","1","1","1","1","1","1","1","1","1","1","1","1","1","1","1","1","1","1","1","1","1","1","1","1","1","1","1","1","1","1","1","1","1","1","1","1","1","1","1","1","1","1","1","1","1","1","1","1","1","1","1","1","1","1","1","1","1","1","1","1","1","1","1","1","1","1","1","1","1","1","1","1","1","1","1","1","1","1","1","1","1","1","1","1","1","1","1","1","1","1"
"664","24","24","24","24","24","24","24","24","24","24","24","24","24","24","24","24","24","24","24","24","24","24","24","24","24","24","24","24","24","24","24","24","24","24","24","24","24","24","24","24","24","24","24","24","24","24","24","24","24","24","24","24","24","24","24","24","24","24","24","24","24","24","24","24","24","24","24","24","24","24","24","24","24","24","24","24","24","24","24","24","24","24","24","24","24","24","24","24","24","24"
"665","24","24","24","24","24","24","24","24","24","24","24","24","24","24","24","24","24","24","24","24","24","24","24","24","24","24","24","24","24","24","24","24","24","24","24","24","24","24","24","24","24","24","24","24","24","24","24","24","24","24","24","24","24","24","24","24","24","24","24","24","24","24","24","24","24","24","24","24","24","24","24","24","24","24","24","24","24","24","24","24","24","24","24","24","24","24","24","24","24","24"
"672","22","22","22","22","22","22","22","22","22","22","22","22","22","22","22","22","1","1","1","1","1","1","1","1","1","1","1","1","1","1","1","1","1","1","1","1","1","1","1","1","1","1","1","1","1","1","1","1","1","1","1","1","1","1","1","1","1","1","1","1","1","1","1","1","1","1","1","1","1","1","1","1","1","1","1","1","1","1","1","1","1","1","1","1","1","1","1","1","1","1"
"673","22","22","22","22","22","22","22","22","22","22","22","22","22","22","22","22","1","1","1","1","1","1","1","1","1","1","1","1","1","1","1","1","1","1","1","1","1","1","1","1","1","1","1","1","1","1","1","1","1","1","1","1","1","1","1","1","1","1","1","1","1","1","1","1","1","1","1","1","1","1","1","1","1","1","1","1","1","1","1","1","1","1","1","1","1","1","1","1","1","1"
"687","3","3","3","3","3","3","3","3","3","3","3","3","3","3","3","3","3","3","3","3","3","3","3","3","3","3","20","20","20","20","20","20","20","20","20","20","20","20","20","20","20","20","20","20","20","20","20","20","20","20","20","20","20","20","20","20","20","20","22","22","22","22","22","22","22","22","22","22","22","22","22","22","22","22","22","22","22","22","22","22","22","22","22","22","22","22","24","24","24","24"
"688","3","3","3","3","3","3","3","3","3","3","3","3","3","3","3","3","3","3","3","3","3","3","3","3","3","3","20","20","20","20","20","20","20","20","20","20","20","20","20","20","20","20","20","20","20","20","20","20","20","20","20","20","20","20","20","20","20","20","22","22","22","22","22","22","22","22","22","22","22","22","22","22","22","22","22","22","22","22","22","22","22","22","22","22","22","22","24","24","24","24"
"712","19","19","19","19","19","19","19","19","19","19","19","19","19","19","19","19","19","19","19","19","19","19","19","19","19","19","19","19","19","19","19","19","19","19","19","19","19","19","19","19","19","19","19","19","19","19","19","19","19","19","19","19","19","19","19","19","19","19","19","19","19","19","19","19","19","19","19","19","19","19","19","19","19","19","19","19","19","19","19","19","19","19","19","19","19","19","19","19","19","19"
"713","19","19","19","19","19","19","19","19","19","19","19","19","19","19","19","19","19","19","19","19","19","19","19","19","19","19","19","19","19","19","19","19","19","19","19","19","19","19","19","19","19","19","19","19","19","19","19","19","19","19","19","19","19","19","19","19","19","19","19","19","19","19","19","19","19","19","19","19","19","19","19","19","19","19","19","19","19","19","19","19","19","19","19","19","19","19","19","19","19","19"
"715","28","28","28","28","28","28","28","28","28","28","28","28","28","28","28","28","28","28","28","28","28","28","28","28","28","28","28","28","28","28","28","28","28","28","28","28","28","28","28","28","28","28","28","28","28","28","28","28","28","28","28","28","28","28","28","28","28","28","28","28","28","28","28","28","28","28","28","28","28","28","28","28","28","28","28","28","28","28","28","28","28","28","28","28","28","28","28","28","28","28"
"721","28","28","28","28","28","28","28","28","28","28","28","28","28","28","28","28","28","28","28","28","28","28","28","28","28","28","28","28","28","28","28","28","28","28","28","28","28","28","28","28","28","28","28","28","28","28","28","28","28","28","28","28","28","28","28","28","28","28","28","28","28","28","28","28","28","28","28","28","28","28","28","28","28","28","28","28","28","28","28","28","28","28","28","28","28","28","28","28","28","28"
"756","23","23","23","23","21","21","21","21","21","21","21","21","21","21","21","21","21","21","23","21","23","21","23","23","23","23","23","23","23","23","23","23","23","23","23","23","23","23","23","23","23","23","24","24","24","24","24","24","24","24","24","24","24","24","24","24","24","24","24","24","24","24","24","24","24","24","24","24","24","28","28","28","28","28","28","28","28","28","28","28","28","28","28","28","22","20","20","20","20","20"
"757","23","23","23","23","21","21","21","21","21","21","21","21","21","21","21","21","21","21","23","21","23","21","23","23","23","23","23","23","23","23","23","23","23","23","23","23","23","23","23","23","23","23","24","24","24","24","24","24","24","24","24","24","24","24","24","24","24","24","24","24","24","24","24","24","24","24","24","24","24","28","28","28","28","28","28","28","28","28","28","28","28","28","28","28","22","20","20","20","20","20"
"776","58","58","58","58","36","36","36","36","32","32","32","32","32","32","32","32","32","32","32","32","32","32","17","17","17","17","17","17","17","17","17","17","17","17","17","17","17","17","17","17","17","17","17","17","17","17","17","17","17","17","17","17","17","17","17","17","17","20","20","20","20","20","20","20","20","20","20","20","20","20","20","20","20","22","22","22","22","22","22","22","22","22","22","22","22","22","22","22","22","22"
"777","58","58","58","58","36","36","36","36","32","32","32","32","32","32","32","32","32","32","32","32","32","32","17","17","17","17","17","17","17","17","17","17","17","17","17","17","17","17","17","17","17","17","17","17","17","17","17","17","17","17","17","17","17","17","17","17","17","20","20","20","20","20","20","20","20","20","20","20","20","20","20","20","20","22","22","22","22","22","22","22","22","22","22","22","22","22","22","22","22","22"
